Primeira Igreja Adventista Brasileira de Atlanta,"Creepy Church, Brazilian Church","4061 King Springs Rd SE, Smyrna, GA 30082","33.855161,-84.517530",,
Rhyne Park Sponsor Sign,,"4145 King Springs Rd SE, Smyrna, GA 30082","33.852374,-84.515208",Yes,
Tolleson Park,,"3530 King Springs Rd SE, Smyrna, GA 30080","33.867698,-84.518795",Yes,
The Alexander Eaton House,Emory,"3949 S Cobb Dr SE, Smyrna, GA 30080","33.856833,-84.514350",,
Super Plus Sign,,"4300 King Springs Rd SE, Smyrna, GA 30082","33.849304,-84.521445",,
The Holy Sabbath Ministries Sign,Burned Church,"1130 Cooler Lake Rd. SE, Smyrna, GA 30082","33.846903,-84.520951",,
King Spring Baptist Church,KSB,"3732 King Springs Rd SE, Smyrna, GA 30080","33.863438,-84.517453",,
Hoods Corps at Battle of Ruff,CVS,"485 Concord Rd SE, Smyrna, GA 30082","33.866816,-84.539600",,
Lake Park Picnic Pavilion,,"3500 Lake Dr SE, Smyrna, GA 30082","33.868570,-84.530811",Yes,
American Legion Post 160,,"1184 Concord Rd SE, Smyrna, GA 30080","33.876649,-84.518977",,
Smyrna First Methodist,FUMC,"1315 Concord Rd SE, Smyrna, GA 30080","33.880403,-84.514913",,
Durham Park,,"1536 Spring St. SE, Smyrna, GA 30080","33.883621,-84.508248",,
Welcome to the Rock - First Baptist Church of Smyrna,,"1275 Church St, Smyrna, GA 30080","33.882203,-84.517221",,
Frog Ice Cream Party,,"1284 Spring St SE, Smyrna, GA 30080","33.883843,-84.515812",,
Market Village Fountain,SMV Fountain,"2860 Atlanta Rd SE, Smyrna, GA 30080","33.883965,-84.515037",,
Smyrna Community Center Fountain,,"200 Village Green Cir SE, Smyrna, GA 30080","33.885546,-84.516456",,
Larry Brissey Swing Memorial,,"100 Village Green Cir, Smyrna, GA 30080","33.886164,-84.517387",Yes,
Second Baptist Church of Smyrna,,"2696 Atlanta Rd SE, Smyrna, GA 30080","33.887145,-84.515560",,
Get $100 In PokeCoins Free,Akers Mill Sprint,"2955 Cobb Pkwy SE #260, Atlanta, GA 30339","33.882599,-84.462184",Yes,
Get $100 In PokeCoins Free,Cumberland Sprint,"1000 Cumberland Mall Se, Suite 5523, Atlanta, GA 30339","33.880212,-84.468550",Yes,
Starbucks,Fake Starbucks,"2175 Cobb Pkwy SE, Smyrna, GA 30080","33.880212,-84.468550",,
Jonquil Park,,"3000 Park Rd, Smyrna, GA 30080","33.884241,-84.484083",Yes,
Sharon Baptist Church,,"3405 S Cobb Dr, Smyrna, GA 30080","33.870564,-84.527117",,
Highpoint Christian Tabernacle,Unfriendly Church,"3269 Old Concord Rd SE, Smyrna, GA 30082","33.874006,-84.537933",,
Little Free Library Number 825,Vickery Hardware,"881 Concord Rd SE, Smyrna, GA 30082","33.875328,-84.528122",,
Little Taste of the South,Chik Fil A,"3120 S Cobb Dr, Smyrna, GA 30080","33.877618,-84.532709",,
Faith Christian Center,,"3059 S Cobb Dr, Smyrna, GA 30080","33.878764,-84.532089",,
Greater Grace Temple International,,"954 Bank St SE, Smyrna, GA 30080","33.884136,-84.526283",,
Firefighter Fountain,,"2620 Atlanta Rd SE, Smyrna, GA 30080","33.889540,-84.517050",,
Campbell Spartan Gazebo,,"2630 Grady St, Smyrna, GA 30080","33.889370,-84.522536",,
Calvary Baptist Church,,"1243 Belmont Ave, Smyrna, GA 30080","33.893660,-84.517493",,
Ponderosa Ranch,,"1405 Belmont Ave, Smyrna, GA 30080","33.893363,-84.510656",,
Windy Hill Community Center,,"1885 Roswell St SE, Smyrna, GA 30080","33.894094,-84.499995",,
Mt. Zion First Baptist Church,,"2642 Hawthorne Ave SE, Smyrna, GA 30080","33.890453,-84.501295",,
King Chapel AME Church,,"2600 Davenport St, Smyrna, GA 30080","33.889471,-84.501224",,
Whitfield Park,,"1517 Whitfield St, Smyrna, GA 30080","33.887080,-84.508818",Yes,
Breakthrough Fellowship Church,DaVincis Pizza,"1810 Spring Rd SE, Smyrna, GA 30080","33.882992,-84.500783",,
Smyrna Presbyterian Church,,"3130 Atlanta Rd SE, Smyrna, GA 30080","33.877117,-84.508080",,
Taylor Brawner Playground,,"3180 Atlanta Rd SE, Smyrna, GA 30080","33.876202,-84.506100",Yes,
Taylor Brawner Park Amphitheater,,"3180 Atlanta Rd SE, Smyrna, GA 30080","33.874591,-84.506995",Yes,
Chuck Camp Park,,"2270 Benson Poole Rd SE, Smyrna, GA 30082","33.897676,-84.543002",Yes,
Dirt Cheep,,"2415 S Cobb Dr, Smyrna, GA 30080","33.894300,-84.537941",,
Central Church of Christ,,"473 Powder Springs St, Smyrna, GA 30082","33.887602,-84.539496",,
The Church at Green Acres,,"591 Pat Mell Rd SE, Smyrna, GA 30080","33.902073,-84.536132",,
Goodness Fountain,West Village,"4515 W Village Way, Smyrna, GA 30080","33.844166,-84.490816",,
Impact Worship Center,,"4479 S Atlanta Rd SE, Smyrna, GA 30080","33.845752,-84.490254",,
Highland Station Spire,Publix,"4480 S Cobb Dr SE, Smyrna, GA 30080","33.843223,-84.504325",,
Shoupade Park,,"4757-4779 Oakdale Rd, Smyrna, GA 30080","33.836648,-84.492338",Yes,
Guaco Joe's Restaurant,,"2950 New Paces Ferry Rd SE, Atlanta, GA 30339","33.865132,-84.467387",,
Vinings Vane,,"160 Paces Ferry Rd SE, Atlanta, GA 30339","33.865305,-84.465824",,
Vinings Mountain Dog Park,,"100 Pinhurst Dr, Atlanta, GA 30339","33.871019,-84.466964",,
Fountain Animal Heads,,"3330 Cumberland Blvd SE #200, Atlanta, GA 30339","33.874502,-84.458489",,
Cumberland Trail Marker,,"3151 Stillhouse Creek Dr, Atlanta, GA 30339","33.877919,-84.464829",,
Cobb County Transit Transfer Station,,"2785 Cumberland Pkwy SE, Atlanta, GA 30339","33.878757,-84.471354",,
Cobb Galleria Centre,,"1 Galleria Pkwy, Atlanta, GA 30339","33.883819,-84.466763",,
Lindsey McBee Memorial,,"2860 Cumberland Mall SE, Atlanta, GA 30339","33.882530,-84.467872",,
Cumberland Community Church,,"3110 Sports Ave SE, Smyrna, GA 30080","33.880996,-84.477816",,
Wall Of Braves,,"455 Legends Place, Atlanta, GA 30339","33.888230,-84.468635",,
Cumberland Statue,,"2778 Cobb Pkwy, Atlanta, GA 30339","33.885414,-84.470318",,
The Main Event Entertainment,,"3101 Cobb Pkwy #201, Atlanta, GA 30339","33.878821,-84.456212",,
Georgia Plant Society,Heritage Park,"60 Fontaine Rd SW, Mableton, GA 30126","33.839182,-84.543261",Yes,
Ivy Walk Fountain,,"1675 Cumberland Pkwy SE, Smyrna, GA 30080","33.849674,-84.492873",,
Bobby Cox Statue,,"Battery Avenue, Atlanta, GA 30339","33.890967,-84.468793",,
John L Fuller Fountain,,"1650 Galleria Dr, Atlanta, GA 30339","33.885128,-84.463851",,
St James A.M.E. Church,,"8299 Dallas Hwy, Douglasville, GA 30134","33.753988,-84.749035",,Do not park in lot.